phenotype,t_stat,p_value
Phenotype_A,58.00093728149851,0.0
Phenotype_B,279.99823355435507,0.0
Phenotype_C,569.7114094829498,0.0
Phenotype_D,79.00920800304404,0.0
Phenotype_E,-0.4210124915970091,0.6737461421495483
